id,winner_model_a,winner_model_b,winner_tie
136060,0.1773319,0.22510082,0.59756726
211333,0.36198992,0.34682328,0.29118678
1233961,0.3703932,0.31192136,0.31768543
