id,winner_model_a,winner_model_b,winner_tie
136060,0.21469831,0.19697016,0.58833146
211333,0.35163325,0.3542073,0.29415944
1233961,0.34166855,0.34456903,0.3137624
