id,winner_model_a,winner_model_b,winner_tie
136060,0.24424197226762767,0.24424197226762767,0.5115160405635835
211333,0.35067605674266816,0.3500514820218086,0.2992724731564521
1233961,0.3944326877593994,0.3944326877593994,0.21113461107015608
