id,winner_model_a,winner_model_b,winner_tie
136060,0.24461826175451273,0.24461826175451273,0.5107634580135345
211333,0.3503178711235523,0.3496078403294086,0.3000743053853511
1233961,0.3968659360706806,0.3968659360706806,0.20626812785863874
