id,winner_model_a,winner_model_b,winner_tie
136060,0.20440731942653656,0.3938663601875305,0.4017263352870941
211333,0.3571857810020447,0.2809356451034546,0.36187857389450073
1233961,0.3204635977745056,0.46957331895828247,0.20996315777301788
