id,winner_model_a,winner_model_b,winner_tie
136060,0.18788696080891937,0.28283986506056424,0.5292731741305163
211333,0.5340162087496768,0.20639529537146883,0.25958849587885435
1233961,0.21687416928018513,0.699101349647666,0.08402448107214891
