id,winner_model_a,winner_model_b,winner_tie
136060,0.24229365636905034,0.24229365636905034,0.5154126604398092
211333,0.34981105079253516,0.34914951076110207,0.3010394250353177
1233961,0.4039080952604612,0.4039080952604612,0.19218380947907765
