id,winner_model_a,winner_model_b,winner_tie
136060,0.24561452120542526,0.24561452120542526,0.5087709426879883
211333,0.3505350798368454,0.34980426728725433,0.29966068267822266
1233961,0.39384786784648895,0.39384786784648895,0.2123042643070221
