id,winner_model_a,winner_model_b,winner_tie
136060,0.24103935807943344,0.24103935807943344,0.5179212689399719
211333,0.3510050028562546,0.3506283164024353,0.29836665093898773
1233961,0.3957972675561905,0.3957972675561905,0.20840542018413544
