id,winner_model_a,winner_model_b,winner_tie
136060,0.2464304119348526,0.24479863047599792,0.5087709426879883
211333,0.3507171869277954,0.3491653800010681,0.30011746287345886
1233961,0.3940505385398865,0.39364519715309143,0.2123042643070221
