id,winner_model_a,winner_model_b,winner_tie
136060,0.2402355732746828,0.3011755943085776,0.4585888324167396
211333,0.39241841934677973,0.3102804335575606,0.2973011470956597
1233961,0.3578300801466637,0.40788077206762663,0.2342891477857098
